iso_a3,admin,plural,definite,nationalitiesAFG,Afghanistan,0,0,AfghansALA,Aland,0,0,AlandishALB,Albania,0,0,AlbaniansDZA,Algeria,0,0,AlgeriansASM,American Samoa,0,0,American SamoansAND,Andorra,0,0,AndorransAGO,Angola,0,0,AngolansAIA,Anguilla,0,0,AnguillansATG,Antigua and Barbuda,0,0,AntiguansARG,Argentina,0,0,ArgentinesARM,Armenia,0,0,ArmeniansABW,Aruba,0,0,Arubans-99,Ashmore and Cartier Islands,0,0,Ashmore and Cartier IslandersAUS,Australia,0,0,AussiesAUT,Austria,0,0,AustriansAZE,Azerbaijan,0,0,AzerbaijanisBHR,Bahrain,0,0,BahrainisBGD,Bangladesh,0,0,BangladeshisBRB,Barbados,0,0,BarbadiansBLR,Belarus,0,0,BelarusiansBEL,Belgium,0,0,BelgiansBLZ,Belize,0,0,BelizeansBEN,Benin,0,0,BenineseBMU,Bermuda,0,0,BermudansBTN,Bhutan,0,0,BhutaneseBOL,Bolivia,0,0,BoliviansBIH,Bosnia and Herzegovina,0,0,BosniansBWA,Botswana,0,0,BotswanansBRA,Brazil,0,0,BraziliansIOT,British Indian Ocean Territory,0,0,people from British Indian Ocean TerritoryVGB,British Virgin Islands,1,1,British Virgin IslandersBRN,Brunei,0,0,BruneiansBGR,Bulgaria,0,0,BulgariansBFA,Burkina Faso,0,0,BurkinabesBDI,Burundi,0,0,BurundiansKHM,Cambodia,0,0,CambodiansCMR,Cameroon,0,0,CamerooniansCAN,Canada,0,0,CanadiansCPV,Cape Verde,0,0,Cape VerdeansCYM,Cayman Islands,1,1,Cayman IslandersCAF,Central African Republic,0,1,Central AfricansTCD,Chad,0,0,ChadiansCHL,Chile,0,0,ChileansCHN,China,0,0,ChineseCOL,Colombia,0,0,ColombiansCOM,Comoros,1,1,ComoriansCOK,Cook Islands,1,1,Cook IslandersCRI,Costa Rica,0,0,Costa RicansHRV,Croatia,0,0,CroatiansCUB,Cuba,0,0,CubansCUW,Cura�ao,0,0,CuracaonsCYP,Cyprus,0,0,CypriotsCZE,Czech Republic,0,1,CzechsCOD,Democratic Republic of the Congo,0,1,CongoleseDNK,Denmark,0,0,DanishsDJI,Djibouti,0,0,DjiboutiansDMA,Dominica,0,0,DominicansDOM,Dominican Republic,0,1,DominicansTLS,East Timor,0,0,TimoreseECU,Ecuador,0,0,EcuadoreansEGY,Egypt,0,0,EgyptiansSLV,El Salvador,0,0,SalvadoreansEND,England,0,0,EnglishSCO,Scotland,0,0,ScottishGNQ,Equatorial Guinea,0,0,Equatorial GuineanERI,Eritrea,0,0,EritreansEST,Estonia,0,0,EstoniansETH,Ethiopia,0,0,EthiopiansFLK,Falkland Islands,1,1,Falkland IslandersFRO,Faroe Islands,1,1,Faroe IslandersFSM,Federated States of Micronesia,1,1,MicronesianFJI,Fiji,0,0,FijiansFIN,Finland,0,0,FinnishsFRA,France,0,0,FrenchPYF,French Polynesia,0,0,French PolynesiansATF,French Southern and Antarctic Lands,1,1,noneGAB,Gabon,0,0,GaboneseGMB,Gambia,0,0,GambiansGEO,Georgia,0,0,GeorgiansDEU,Germany,0,0,GermansGHA,Ghana,0,0,GhanaiansGRC,Greece,0,0,GreeksGRL,Greenland,0,0,GreenlandersGRD,Grenada,0,0,GrenadiansGUM,Guam,0,0,GuamanianGTM,Guatemala,0,0,GuatemalansGGY,Guernsey,0,0,GuernseymenGIN,Guinea,0,0,GuineansGNB,Guinea Bissau,0,0,Guinea-BissauanGUY,Guyana,0,0,GuyanesesHTI,Haiti,0,0,HaitiansHMD,Heard Island and McDonald Islands,1,1,Heard Islanders and McDonald IslandersHND,Honduras,0,0,HonduransHUN,Hungary,0,0,HungariansISL,Iceland,0,0,IcelandicsIND,India,0,0,IndiansIDN,Indonesia,0,0,IndonesiansIRN,Iran,0,0,IraniansIRQ,Iraq,0,0,IraqisIRL,Ireland,0,0,IrishIMN,Isle of Man,0,1,manxISR,Israel,0,0,IsraelisITA,Italy,0,0,ItaliansCIV,Ivory Coast,0,1,IvorianJAM,Jamaica,0,0,JamaicansJPN,Japan,0,0,JapaneseJEY,Jersey,0,0,People from JerseyJOR,Jordan,0,0,JordaniansKAZ,Kazakhstan,0,0,KazakhsKEN,Kenya,0,0,KenyansKIR,Kiribati,0,0,I-Kiribati-99,Kosovo,0,0,KosovansKWT,Kuwait,0,0,KuwaitisKGZ,Kyrgyzstan,0,0,KyrgyzstaniLAO,Laos,0,0,LaotiansLVA,Latvia,0,0,LatviansLBN,Lebanon,0,0,LebaneseLSO,Lesotho,0,0,MosothoLBR,Liberia,0,0,LiberiansLBY,Libya,0,0,LibyansLIE,Liechtenstein,0,0,LiechtensteinersLTU,Lithuania,0,0,LithuaniansLUX,Luxembourg,0,0,LuxembourgersMAC,Macao,0,0,MacaneseMKD,Macedonia,0,0,MacedoniansMDG,Madagascar,0,0,MadagascansMWI,Malawi,0,0,MalawiansMYS,Malaysia,0,0,MalaysiansMDV,Maldives,1,1,MaldiviansMLI,Mali,0,0,MaliansMLT,Malta,0,0,MaltesesMHL,Marshall Islands,1,1,Marshall IslandersMRT,Mauritania,0,0,MauritaniansMUS,Mauritius,0,0,MauritiansMEX,Mexico,0,0,MexicansMDA,Moldova,0,0,MoldovansMCO,Monaco,0,0,MonacansMNG,Mongolia,0,0,MongoliansMNE,Montenegro,0,0,MontenegrinsMSR,Montserrat,0,0,MontserratiansMAR,Morocco,0,0,MoroccansMOZ,Mozambique,0,0,MozambicansMMR,Myanmar,0,0,MyanmariansNAM,Namibia,0,0,NamibiansNRU,Nauru,0,0,NauruanNPL,Nepal,0,0,NepaleseNLD,Netherlands,1,1,DutchNCL,New Caledonia,0,0,New CaledoniansNZL,New Zealand,0,0,New ZealandersNIC,Nicaragua,0,0,NicaraguansNER,Niger,0,0,NigeriensNGA,Nigeria,0,0,NigeriansNIU,Niue,0,0,NiueansNFK,Norfolk Island,0,0,Norfolk IslandersPRK,North Korea,0,0,North Koreans-99,Northern Cyprus,0,0,CypriotsMNP,Northern Mariana Islands,1,1,Northern Mariana IslandersNOR,Norway,0,0,NorwegiansOMN,Oman,0,0,OmanisPAK,Pakistan,0,0,PakistanisPLW,Palau,0,0,PalauansPSE,Palestine,0,0,PalestineanPAN,Panama,0,0,PanamaniansPNG,Papua New Guinea,0,0,Papua New GuineansPRY,Paraguay,0,0,ParaguayansPER,Peru,0,0,PeruviansPHL,Philippines,1,1,PhilippineansPCN,Pitcairn Islands,1,1,Pitcairn IslandersPOL,Poland,0,0,PolishPRT,Portugal,0,0,PortuguesePRI,Puerto Rico,0,0,Puerto RicansQAT,Qatar,0,0,QatarisCOG,Republic of Congo,0,1,CongoleseSRB,Republic of Serbia,0,1,SerbiansROU,Romania,0,0,RomaniansRUS,Russia,0,0,RussiansRWA,Rwanda,0,0,RwandansBLM,Saint Barthelemy,0,0,BarthelemoisesSHN,Saint Helena,0,0,CaribbeansKNA,Saint Kitts and Nevis,0,0,CaribbeansLCA,Saint Lucia,0,0,CaribbeansMAF,Saint Martin,0,0,CaribbeansSPM,Saint Pierre and Miquelon,0,0,CaribbeansVCT,Saint Vincent and the Grenadines,0,0,CaribbeansWSM,Samoa,0,0,SamoansSMR,San Marino,0,0,San MarinoSTP,Sao Tome and Principe,0,0,SammarineseSAU,Saudi Arabia,0,0,Saudi ArabiansSEN,Senegal,0,0,SenegalesesSYC,Seychelles,1,1,SeychelloisSLE,Sierra Leone,0,0,Sierra LeoniansSGP,Singapore,0,0,SingaporeansSXM,Sint Maarten,0,0,DutchSVK,Slovakia,0,0,SlovaksSVN,Slovenia,0,0,Slovene or SloveniansSLB,Solomon Islands,1,1,Solomon IslandersSOM,Somalia,0,0,SomalisZAF,South Africa,0,0,South AfricansSGS,South Georgia and South Sandwich Islands,1,1,South GeorgiansKOR,South Korea,0,0,South KoreansSSD,South Sudan,0,0,South SudaneseESP,Spain,0,0,SpanishLKA,Sri Lanka,0,0,Sri LankansSDN,Sudan,0,0,SudaneseSUR,Suriname,0,0,SurinameseSWZ,Swaziland,0,0,SwazisSWE,Sweden,0,0,SwedishCHE,Switzerland,0,0,SwissSYR,Syria,0,0,SyriansTWN,Taiwan,0,0,TaiwaneseTJK,Tajikistan,0,0,TajiksTHA,Thailand,0,0,ThaisBHS,The Bahamas,1,0,The BahamdiansTGO,Togo,0,0,TogoleseTON,Tonga,0,0,TongoleseTTO,Trinidad and Tobago,0,0,TrinidadiansTUN,Tunisia,0,0,TunisiansTUR,Turkey,0,0,TurkishTKM,Turkmenistan,0,0,TurkmensTCA,Turks and Caicos Islands,1,1,Turks and Caicos IslandersUGA,Uganda,0,0,UgandansUKR,Ukraine,0,0,UkrainiansARE,United Arab Emirates,1,1,EmiratisGBR,Britain,0,0,BritishTZA,United Republic of Tanzania,0,1,TanzaniansUSA,United States of America,1,1,AmericansVIR,United States Virgin Islands,1,1,Virgin IslandersURY,Uruguay,0,0,UruguayansUZB,Uzbekistan,0,0,UzbeksVUT,Vanuatu,0,0,VanuatuansVAT,Vatican,0,1,Citizebs of Vatican CityVEN,Venezuela,0,0,VenezuelansVNM,Vietnam,0,0,VietnameseWLF,Wallis and Futuna,0,0,WallisiansWEL,Wales,0,0,WelshNI,Northern Ireland,0,0,Northern IrishESH,Western Sahara,0,0,Western SaharansYEM,Yemen,0,0,YemenisZMB,Zambia,0,0,ZambiansZWE,Zimbabwe,0,0,Zimbabweans